{"cameraMode":{"drawMode":0,"name":"Shaded","section":"Shading Mode"},"sceneLighting":false,"audioPlay":false,"sceneViewState":{"showFog":true,"showMaterialUpdate":false,"showSkybox":false,"showFlares":true,"showImageEffects":true,"showParticleSystems":true},"in2DMode":false,"pivot":{"x":0.3805420398712158,"y":3.533703327178955,"z":0.0384516716003418},"rotation":{"x":0.03839389607310295,"y":0.31724968552589419,"z":-0.012855509296059609,"w":0.9474786520004273},"size":9.166048049926758,"orthographic":false}