{"cameraMode":{"drawMode":0,"name":"Shaded","section":"Shading Mode"},"sceneLighting":false,"audioPlay":false,"sceneViewState":{"showFog":false,"showMaterialUpdate":false,"showSkybox":false,"showFlares":false,"showImageEffects":false,"showParticleSystems":false},"in2DMode":false,"pivot":{"x":0.00670623779296875,"y":0.6544952392578125,"z":-0.007593743037432432},"rotation":{"x":0.7071036696434021,"y":-0.002121317433193326,"z":0.002121317433193326,"w":0.7071036696434021},"size":21.04844093322754,"orthographic":false}