{"cameraMode":{"drawMode":0,"name":"Shaded","section":"Shading Mode"},"sceneLighting":true,"audioPlay":false,"sceneViewState":{"showFog":false,"showMaterialUpdate":false,"showSkybox":false,"showFlares":false,"showImageEffects":false,"showParticleSystems":false},"in2DMode":false,"pivot":{"x":99.23999786376953,"y":5.577884674072266,"z":206.25999450683595},"rotation":{"x":0.0018797487718984485,"y":-0.9972947835922241,"z":0.06824541091918946,"w":0.027445942163467408},"size":2.8047711849212648,"orthographic":false}