{"cameraMode":{"drawMode":0,"name":"Shaded","section":"Shading Mode"},"sceneLighting":false,"audioPlay":false,"sceneViewState":{"showFog":false,"showMaterialUpdate":false,"showSkybox":false,"showFlares":false,"showImageEffects":false,"showParticleSystems":false},"in2DMode":false,"pivot":{"x":1.3379325866699219,"y":0.5,"z":1.6153620481491089},"rotation":{"x":0.0018797487718984485,"y":-0.9972947835922241,"z":0.06824541091918946,"w":0.027445942163467408},"size":1.1196153163909913,"orthographic":false}